filename,painter,style,genre
nicholas-roerich_himalayas-1947-5.jpg,Nicholas_Roerich,Symbolism,landscape
pablo-picasso_the-great-odalisque-after-ingres-1907.jpg,Pablo_Picasso,Cubism,nude_painting
martiros-saryan_plow-1902.jpg,Martiros_Saryan,Expressionism,sketch_and_study
ivan-shishkin_in-crimea.jpg,Ivan_Shishkin,Realism,landscape
boris-kustodiev_portrait-of-countess-grabowska-1917.jpg,Boris_Kustodiev,Realism,portrait
ilya-repin_follow-me-satan.jpg,Ilya_Repin,Impressionism,religious_painting
albrecht-durer_studies-on-a-great-picture-of-mary-head-with-curly-hair-angel.jpg,Albrecht_Durer,Northern_Renaissance,sketch_and_study
gustave-dore_christ-and-the-tribute-money.jpg,Gustave_Dore,Romanticism,religious_painting
paul-cezanne_still-life-with-a-ginger-jar-and-eggplants-1894.jpg,Paul_Cezanne,Post_Impressionism,still_life
ivan-shishkin_autumn-1892.jpg,Ivan_Shishkin,Realism,landscape
gustave-dore_don-quixote-129.jpg,Gustave_Dore,Romanticism,illustration
albrecht-durer_st-christopher-facing-to-the-left-1521.jpg,Albrecht_Durer,Northern_Renaissance,religious_painting
salvador-dali_romeria-pilgrimage.jpg,Salvador_Dali,Expressionism,genre_painting
salvador-dali_mariae-annunciato-luke-1-26f-1967.jpg,Salvador_Dali,Expressionism,religious_painting
salvador-dali_festival-of-st-lucia-at-villamalla.jpg,Salvador_Dali,Impressionism,landscape
vincent-van-gogh_the-old-tower-in-the-snow-1885.jpg,Vincent_van_Gogh,Realism,sketch_and_study
salvador-dali_family-portrait.jpg,Salvador_Dali,Expressionism,portrait
camille-pissarro_the-pont-neuf-snow-1902.jpg,Camille_Pissarro,Impressionism,cityscape
rembrandt_seated-naked-woman-woman-bathing-her-feet-at-a-brook-1658.jpg,Rembrandt,Baroque,nude_painting
vincent-van-gogh_olive-grove-1889-1.jpg,Vincent_van_Gogh,Post_Impressionism,landscape
gustave-dore_battle-of-antioch.jpg,Gustave_Dore,Romanticism,illustration
albrecht-durer_man-of-sorrow-1522.jpg,Albrecht_Durer,Northern_Renaissance,portrait
vincent-van-gogh_kneeling-ecorche-1887.jpg,Vincent_van_Gogh,Post_Impressionism,sketch_and_study
albrecht-durer_two-castles.jpg,Albrecht_Durer,Northern_Renaissance,sketch_and_study
gustave-dore_the-emperor-alexius-iv-poisoned-and-strangled-by-mourzoufle.jpg,Gustave_Dore,Romanticism,illustration
martiros-saryan_illustration-to-armenian-folk-tales-1937-14.jpg,Martiros_Saryan,Naive_Art_Primitivism,illustration
vincent-van-gogh_entrance-to-a-quarry-near-saint-remy-1889(1).jpg,Vincent_van_Gogh,Post_Impressionism,landscape
camille-pissarro_the-little-country-maid-1882.jpg,Camille_Pissarro,Impressionism,portrait
john-singer-sargent_venice-the-prison.jpg,John_Singer_Sargent,Impressionism,cityscape
pierre-auguste-renoir_bust-of-a-young-girl-in-a-straw-hat-1917.jpg,Pierre_Auguste_Renoir,Impressionism,portrait
nicholas-roerich_study-cry-of-the-serpent-1914.jpg,Nicholas_Roerich,Symbolism,sketch_and_study
vincent-van-gogh_man-feeding-chickens-or-sowing-1883.jpg,Vincent_van_Gogh,Realism,genre_painting
claude-monet_view-from-the-cliff-at-pourville-bright-weather.jpg,Claude_Monet,Impressionism,landscape
edgar-degas_three-girls-sitting-en-face-1879.jpg,Edgar_Degas,Impressionism,sketch_and_study
martiros-saryan_ashtarak-in-hazy-day-1954.jpg,Martiros_Saryan,Post_Impressionism,landscape
albrecht-durer_madonna-and-child-on-a-stone-bench-1520.jpg,Albrecht_Durer,Northern_Renaissance,religious_painting
vincent-van-gogh_four-men-cutting-wood-1882(1).jpg,Vincent_van_Gogh,Realism,genre_painting
john-singer-sargent_two-studies-for-soldiers-of-gassed.jpg,John_Singer_Sargent,Realism,sketch_and_study
childe-hassam_washington-arch-spring.jpg,Childe_Hassam,Impressionism,genre_painting
pablo-picasso_guitar-sheet-music-and-wine-glass-1912.jpg,Pablo_Picasso,Synthetic_Cubism,still_life
vincent-van-gogh_four-people-sharing-a-meal-1885(1).jpg,Vincent_van_Gogh,Realism,sketch_and_study
vincent-van-gogh_bobbin-winder-1885(1).jpg,Vincent_van_Gogh,Realism,still_life
pyotr-konchalovsky_still-life-with-rabbit-1954.jpg,Pyotr_Konchalovsky,Realism,still_life
eugene-boudin_fisherwives-waiting-for-the-boats-to-return-1875.jpg,Eugene_Boudin,Impressionism,genre_painting
pablo-picasso_head-of-a-child-1896.jpg,Pablo_Picasso,Realism,portrait
nicholas-roerich_captors-of-fire-1938.jpg,Nicholas_Roerich,Symbolism,landscape
pyotr-konchalovsky_ryazan-house-of-oleg-1931.jpg,Pyotr_Konchalovsky,Post_Impressionism,cityscape
rembrandt_portrait-of-joris-de-caullery-1632.jpg,Rembrandt,Baroque,portrait
camille-pissarro_portrait-of-jeanne-1872.jpg,Camille_Pissarro,Impressionism,portrait
camille-pissarro_the-oise-at-pontoise-in-bad-weather-1876.jpg,Camille_Pissarro,Impressionism,landscape
claude-monet_spring-1875.jpg,Claude_Monet,Impressionism,landscape
eugene-boudin_venice-1895.jpg,Eugene_Boudin,Impressionism,cityscape
albrecht-durer_the-dresden-altarpiece-side-wings-1496.jpg,Albrecht_Durer,Northern_Renaissance,religious_painting
childe-hassam_bending-sail-on-the-old-mill.jpg,Childe_Hassam,Impressionism,landscape
vincent-van-gogh_carpenter-seen-from-the-back-1882(1).jpg,Vincent_van_Gogh,Realism,sketch_and_study
vincent-van-gogh_landscape-with-cottages-and-a-mill-1885.jpg,Vincent_van_Gogh,Realism,sketch_and_study
pierre-auguste-renoir_bather-2.jpg,Pierre_Auguste_Renoir,Impressionism,nude_painting
paul-cezanne_river-at-the-bridge-of-the-three-sources-1906.jpg,Paul_Cezanne,Cubism,landscape
nicholas-roerich_glory-to-the-hero-1933.jpg,Nicholas_Roerich,Symbolism,genre_painting
raphael-kirchner_justine-johnstone-1.jpg,Raphael_Kirchner,Art_Nouveau,portrait
vincent-van-gogh_reaper-1885-3.jpg,Vincent_van_Gogh,Realism,sketch_and_study
martiros-saryan_lilac-1940.jpg,Martiros_Saryan,Realism,landscape
salvador-dali_velazquez-dying-behind-the-window-on-the-left-side-out-of-which-a-spoon-projects.jpg,Salvador_Dali,Expressionism,portrait
edgar-degas_visit-to-a-museum-1880.jpg,Edgar_Degas,Impressionism,genre_painting
childe-hassam_sunset-isle-of-shoals.jpg,Childe_Hassam,Impressionism,landscape
john-singer-sargent_the-entrance-to-the-grand-canal-venice.jpg,John_Singer_Sargent,Impressionism,cityscape
vincent-van-gogh_the-garden-of-saint-paul-hospital-with-figure-1889.jpg,Vincent_van_Gogh,Post_Impressionism,cityscape
albrecht-durer_studies-on-a-great-picture-of-the-virgin-madonna-and-child-saints-and-angels-playing.jpg,Albrecht_Durer,Northern_Renaissance,sketch_and_study
pablo-picasso_clarinet-1911.jpg,Pablo_Picasso,Analytical_Cubism,still_life
vincent-van-gogh_silhouette-of-a-man-with-a-rake.jpg,Vincent_van_Gogh,Post_Impressionism,sketch_and_study
boris-kustodiev_on-the-volga-1926.jpg,Boris_Kustodiev,Realism,landscape
pablo-picasso_souvenir-from-havre-1912.jpg,Pablo_Picasso,Analytical_Cubism,still_life
boris-kustodiev_merchant-wives-1912.jpg,Boris_Kustodiev,Art_Nouveau,genre_painting
claude-monet_the-shoot-1876.jpg,Claude_Monet,Impressionism,genre_painting
eugene-boudin_camaret-the-toulinguet.jpg,Eugene_Boudin,Impressionism,landscape
marc-chagall_illustration-for-louis-aragon-s-work-one-who-says-things-without-saying-anything-1976-14.jpg,Marc_Chagall,Naive_Art_Primitivism,illustration
nicholas-roerich_sandoling-lamayura.jpg,Nicholas_Roerich,Symbolism,landscape
ivan-shishkin_edge-of-the-forest-1879.jpg,Ivan_Shishkin,Realism,landscape
vincent-van-gogh_field-with-poppies-1889(1).jpg,Vincent_van_Gogh,Post_Impressionism,landscape
vincent-van-gogh_studies-for-figures-carrying-bundles-of-wood-1885.jpg,Vincent_van_Gogh,Realism,sketch_and_study
albrecht-durer_study-of-drapery-1508-1.jpg,Albrecht_Durer,Northern_Renaissance,sketch_and_study
vincent-van-gogh_the-vicarage-at-nuenen-1885.jpg,Vincent_van_Gogh,Realism,landscape
camille-pissarro_autumn-montfoucault-pond-1875.jpg,Camille_Pissarro,Impressionism,landscape
camille-pissarro_milking-cows.jpg,Camille_Pissarro,Impressionism,genre_painting
pyotr-konchalovsky_still-life-vegetables-1916.jpg,Pyotr_Konchalovsky,Post_Impressionism,still_life
pierre-auguste-renoir_woman-with-a-necklace-1910.jpg,Pierre_Auguste_Renoir,Impressionism,portrait
rembrandt_samuel-menasseh-ben-israel-1636.jpg,Rembrandt,Baroque,portrait
edgar-degas_study-of-gentile-bellini-1855.jpg,Edgar_Degas,Impressionism,sketch_and_study
pierre-auguste-renoir_young-woman-reading-an-illustrated-journal.jpg,Pierre_Auguste_Renoir,Impressionism,genre_painting
eugene-boudin_fish-skate-and-dogfish.jpg,Eugene_Boudin,Impressionism,still_life
vincent-van-gogh_stone-steps-in-the-garden-of-the-asylum-1889.jpg,Vincent_van_Gogh,Post_Impressionism,landscape
salvador-dali_inter-filios-die-affuit-etiam-satan-job-2-6-1967.jpg,Salvador_Dali,Symbolism,religious_painting
gustave-dore_the-good-samaritan.jpg,Gustave_Dore,Romanticism,religious_painting
ivan-shishkin_coltsfoot-1878.jpg,Ivan_Shishkin,Realism,sketch_and_study
pierre-auguste-renoir_the-head-of-monte-sorrento-1881.jpg,Pierre_Auguste_Renoir,Impressionism,landscape
paul-cezanne_the-buffet-1877.jpg,Paul_Cezanne,Impressionism,still_life
ivan-shishkin_felling.jpg,Ivan_Shishkin,Realism,landscape
ivan-shishkin_at-the-edge-of-the-forest.jpg,Ivan_Shishkin,Realism,landscape
vincent-van-gogh_head-of-a-young-man-bareheaded.jpg,Vincent_van_Gogh,Post_Impressionism,sketch_and_study
rembrandt_holy-family-1640.jpg,Rembrandt,Baroque,religious_painting
nicholas-roerich_platon-1893.jpg,Nicholas_Roerich,Realism,still_life
pyotr-konchalovsky_still-life-with-a-tray-1919.jpg,Pyotr_Konchalovsky,Expressionism,sketch_and_study
pyotr-konchalovsky_krylatskoye-mist-1923.jpg,Pyotr_Konchalovsky,Post_Impressionism,landscape
camille-pissarro_working-at-eragny.jpg,Camille_Pissarro,Pointillism,genre_painting
pablo-picasso_man-and-woman-1958.jpg,Pablo_Picasso,Cubism,nude_painting
camille-pissarro_in-the-woods-1864.jpg,Camille_Pissarro,Realism,landscape
pierre-auguste-renoir_woman-in-a-straw-hat-1918.jpg,Pierre_Auguste_Renoir,Impressionism,portrait
claude-monet_cliffs-walk-at-pourville.jpg,Claude_Monet,Impressionism,landscape
ilya-repin_portrait-of-folk-story-teller-v-p-schegolenkov-1879.jpg,Ilya_Repin,Realism,portrait
childe-hassam_girl-standing.jpg,Childe_Hassam,Impressionism,genre_painting
john-singer-sargent_elizabeth-garrett-anderson-1900.jpg,John_Singer_Sargent,Realism,portrait
marc-chagall_purim.jpg,Marc_Chagall,Cubism,genre_painting
eugene-boudin_deauville-the-beach-low-tide.jpg,Eugene_Boudin,Impressionism,landscape
rembrandt_david-and-jonathan-1642.jpg,Rembrandt,Baroque,religious_painting
camille-pissarro_the-garden-in-spring-eragny-1894.jpg,Camille_Pissarro,Impressionism,landscape
pierre-auguste-renoir_banks-of-the-river.jpg,Pierre_Auguste_Renoir,Impressionism,landscape
vincent-van-gogh_la-crau-1888.jpg,Vincent_van_Gogh,Post_Impressionism,sketch_and_study
pierre-auguste-renoir_blond-bather-1881.jpg,Pierre_Auguste_Renoir,Impressionism,nude_painting
edgar-degas_mademoiselle-marie-dihau.jpg,Edgar_Degas,Impressionism,portrait
raphael-kirchner_unknown-1909.jpg,Raphael_Kirchner,Art_Nouveau,illustration
pyotr-konchalovsky_gurzuf-cypresses-1929.jpg,Pyotr_Konchalovsky,Expressionism,landscape
raphael-kirchner_legendes-1903-4.jpg,Raphael_Kirchner,Art_Nouveau,illustration
ilya-repin_portrait-of-emperor-nicholas-ii-on-the-porch-1896.jpg,Ilya_Repin,Realism,portrait
rembrandt_portrait-of-a-man-1632.jpg,Rembrandt,Baroque,portrait
pyotr-konchalovsky_bridge-in-abramtsevo-1911.jpg,Pyotr_Konchalovsky,Post_Impressionism,landscape
pierre-auguste-renoir_woman-and-child-1.jpg,Pierre_Auguste_Renoir,Impressionism,genre_painting
pablo-picasso_boy-with-a-dog-1905.jpg,Pablo_Picasso,Symbolism,genre_painting
martiros-saryan_persian-woman-1910.jpg,Martiros_Saryan,Expressionism,portrait
pablo-picasso_woman-with-guitar-and-piano-1911.jpg,Pablo_Picasso,Analytical_Cubism,genre_painting
nicholas-roerich_tver-embassy-1914.jpg,Nicholas_Roerich,Art_Nouveau,illustration
pierre-auguste-renoir_head-of-a-young-woman-wearing-a-blue-scarf-madame-henriot-1876.jpg,Pierre_Auguste_Renoir,Impressionism,portrait
childe-hassam_mountain-home-idaho.jpg,Childe_Hassam,Impressionism,landscape
vincent-van-gogh_olive-grove-bright-blue-sky-1889-1.jpg,Vincent_van_Gogh,Post_Impressionism,landscape
childe-hassam_the-norwegian-cottage-1.jpg,Childe_Hassam,Impressionism,landscape
albrecht-durer_the-madonna-of-the-carnation-1516.jpg,Albrecht_Durer,Northern_Renaissance,religious_painting
nicholas-roerich_russian-easter-1924.jpg,Nicholas_Roerich,Symbolism,genre_painting
pablo-picasso_untitled-1920-1.jpg,Pablo_Picasso,Cubism,still_life
vincent-van-gogh_mower-after-millet-1881.jpg,Vincent_van_Gogh,Realism,sketch_and_study
vincent-van-gogh_churchyard-in-the-rain-1883-1(1).jpg,Vincent_van_Gogh,Realism,genre_painting
eugene-boudin_the-merchant-dock.jpg,Eugene_Boudin,Impressionism,cityscape
john-singer-sargent_jacques-barenton-1883.jpg,John_Singer_Sargent,Realism,portrait
rembrandt_peter-and-john-at-the-gate-of-the-temple-1629.jpg,Rembrandt,Baroque,religious_painting
camille-pissarro_the-river-and-willows-eragny-1888.jpg,Camille_Pissarro,Impressionism,landscape
pierre-auguste-renoir_algerian-woman-1881.jpg,Pierre_Auguste_Renoir,Impressionism,portrait
camille-pissarro_view-of-marly-le-roi-1870.jpg,Camille_Pissarro,Realism,cityscape
rembrandt_portrait-of-clement-de-jonge-1651.jpg,Rembrandt,Baroque,portrait
nicholas-roerich_hills-1915.jpg,Nicholas_Roerich,Art_Nouveau,landscape
pierre-auguste-renoir_landscape-at-beaulieu-1899.jpg,Pierre_Auguste_Renoir,Impressionism,landscape
raphael-kirchner_marionettes-4.jpg,Raphael_Kirchner,Art_Nouveau,genre_painting
nicholas-roerich_lake-karelian-landscape-1917.jpg,Nicholas_Roerich,Symbolism,landscape
albrecht-durer_body-of-christ.jpg,Albrecht_Durer,Northern_Renaissance,religious_painting
vincent-van-gogh_violinist-seen-from-the-back-1887.jpg,Vincent_van_Gogh,Post_Impressionism,sketch_and_study
nicholas-roerich_tibet.jpg,Nicholas_Roerich,Symbolism,landscape
pierre-auguste-renoir_landscape-with-horses.jpg,Pierre_Auguste_Renoir,Impressionism,landscape
john-singer-sargent_santa-maria-della-salute-1.jpg,John_Singer_Sargent,Impressionism,cityscape
camille-pissarro_three-peasant-women-1890.jpg,Camille_Pissarro,Impressionism,portrait
pierre-auguste-renoir_stephane-mallarme-1892.jpg,Pierre_Auguste_Renoir,Impressionism,portrait
john-singer-sargent_a-bedouin-arab.jpg,John_Singer_Sargent,Realism,portrait
vincent-van-gogh_portrait-of-madame-trabuc-1889.jpg,Vincent_van_Gogh,Post_Impressionism,portrait
camille-pissarro_pere-melon-cutting-wood-1880.jpg,Camille_Pissarro,Impressionism,portrait
pyotr-konchalovsky_landscape.jpg,Pyotr_Konchalovsky,Post_Impressionism,sketch_and_study
pyotr-konchalovsky_siberia-taiga-1902.jpg,Pyotr_Konchalovsky,Impressionism,landscape
nicholas-roerich_lahaul-kardang-1932.jpg,Nicholas_Roerich,Symbolism,landscape
albrecht-durer_apostle-judas-thaddeus.jpg,Albrecht_Durer,Northern_Renaissance,religious_painting
nicholas-roerich_kangchenjunga-1924.jpg,Nicholas_Roerich,Symbolism,landscape
marc-chagall_the-face-of-israel-1960.jpg,Marc_Chagall,Naive_Art_Primitivism,religious_painting
pierre-auguste-renoir_landscape-in-normandy-1895.jpg,Pierre_Auguste_Renoir,Impressionism,landscape
childe-hassam_peach-blossoms-villiers-le-bel-1889.jpg,Childe_Hassam,Impressionism,landscape
salvador-dali_portrait-of-my-father.jpg,Salvador_Dali,Post_Impressionism,portrait
pablo-picasso_olga-in-a-mantilla-1917.jpg,Pablo_Picasso,Realism,portrait
camille-pissarro_jubilie-celebration-at-bedford-park-london-1897.jpg,Camille_Pissarro,Impressionism,cityscape
nicholas-roerich_madonna-the-protector-1933.jpg,Nicholas_Roerich,Symbolism,religious_painting
ivan-aivazovsky_sunrise-on-the-coast-of-yalta.jpg,Ivan_Aivazovsky,Romanticism,landscape
raphael-kirchner_unknown.jpg,Raphael_Kirchner,Art_Nouveau,portrait
paul-cezanne_four-bathers.jpg,Paul_Cezanne,Impressionism,genre_painting
vincent-van-gogh_woman-with-a-mourning-shawl-1885.jpg,Vincent_van_Gogh,Realism,sketch_and_study
eugene-boudin_women-fishing-for-shrimp-at-kerhor-1880-1.jpg,Eugene_Boudin,Impressionism,genre_painting
gustave-dore_don-quixote-125.jpg,Gustave_Dore,Romanticism,illustration
nicholas-roerich_sacred-island-1917.jpg,Nicholas_Roerich,Symbolism,landscape
camille-pissarro_the-dunes-at-knocke-belgium-1902.jpg,Camille_Pissarro,Impressionism,landscape
claude-monet_white-frost.jpg,Claude_Monet,Impressionism,cityscape
gustave-dore_the-ninth-plague-darkness.jpg,Gustave_Dore,Romanticism,religious_painting
edgar-degas_after-bathing-woman-drying-herself.jpg,Edgar_Degas,Impressionism,nude_painting
camille-pissarro_road-to-saint-germain-louveciennes-1871.jpg,Camille_Pissarro,Impressionism,landscape
nicholas-roerich_snow-maiden.jpg,Nicholas_Roerich,Symbolism,genre_painting
nicholas-roerich_yuhinlahti-1917.jpg,Nicholas_Roerich,Symbolism,landscape
ivan-shishkin_oaks-1857.jpg,Ivan_Shishkin,Realism,landscape
ilya-repin_taking-christ-into-custody-1886.jpg,Ilya_Repin,Realism,religious_painting
gustave-dore_orlando-furioso.jpg,Gustave_Dore,Romanticism,illustration
salvador-dali_untitled-michelangelo-head-with-drawers.jpg,Salvador_Dali,Expressionism,portrait
vincent-van-gogh_view-of-arles-with-trees-in-blossom-1888.jpg,Vincent_van_Gogh,Post_Impressionism,landscape
vincent-van-gogh_peasant-woman-stooping-and-gleaning-1885-1.jpg,Vincent_van_Gogh,Realism,sketch_and_study
camille-pissarro_the-cours-la-reine-at-rouen-morning-sunlight-1898.jpg,Camille_Pissarro,Impressionism,cityscape
claude-monet_rocky-coast-and-the-lion-rock-belle-ile.jpg,Claude_Monet,Impressionism,landscape
eugene-boudin_brest-fishing-boats.jpg,Eugene_Boudin,Impressionism,landscape
camille-pissarro_the-port-of-le-havre-1903.jpg,Camille_Pissarro,Impressionism,cityscape
marc-chagall_abraham-prostrated-himself-front-of-three-angels.jpg,Marc_Chagall,Naive_Art_Primitivism,religious_painting
claude-monet_apple-trees-on-the-chantemesle-hill(1).jpg,Claude_Monet,Impressionism,landscape
vincent-van-gogh_still-life-with-basket-of-apples-1887.jpg,Vincent_van_Gogh,Post_Impressionism,still_life
